0.000000000000000000e+00,0.000000000000000000e+00,0.000000000000000000e+00
2.000000000000000111e-01,4.013432328097109314e-02,4.013477667329135024e-01
4.000000000000000222e-01,1.600080409823804173e-01,7.944630554721282545e-01
6.000000000000000888e-01,3.561870800378938440e-01,1.159512776528986988e+00
8.000000000000000444e-01,6.197995703453403893e-01,1.460544585937306961e+00
1.000000000000000000e+00,9.316101468301414279e-01,1.624355592022017625e+00
1.200000000000000178e+00,1.252604358664230588e+00,1.530685378282990783e+00
1.400000000000000133e+00,1.518516496577726915e+00,1.064566914557021349e+00
1.600000000000000089e+00,1.654252697210155443e+00,2.507231152181519374e-01
1.800000000000000044e+00,1.609929146095048225e+00,-6.885147820445888245e-01
2.000000000000000000e+00,1.388209653582195724e+00,-1.485106864036599639e+00
2.200000000000000178e+00,1.031480863390010771e+00,-2.039561450828598410e+00
2.400000000000000355e+00,5.822940464745711697e-01,-2.436561584021407878e+00
2.600000000000000089e+00,5.778994383462363743e-02,-2.814263048375244658e+00
2.800000000000000266e+00,-5.461139754970188998e-01,-3.223919921413176404e+00
3.000000000000000000e+00,-1.221766599633826722e+00,-3.467236176981147722e+00
3.200000000000000178e+00,-1.883862968800197768e+00,-2.971042755793967149e+00
3.400000000000000355e+00,-2.324551840806761138e+00,-1.247234773007648512e+00
3.600000000000000089e+00,-2.341298635453094246e+00,1.055133115293912516e+00
3.800000000000000266e+00,-1.952056890152167989e+00,2.643259876976748135e+00
4.000000000000000000e+00,-1.353681190142738355e+00,3.193982056579475426e+00
4.200000000000000178e+00,-7.098895634144382072e-01,3.199205003242117318e+00
4.400000000000000355e+00,-7.952900133230898783e-02,3.110565311926786869e+00
4.600000000000000533e+00,5.386549176351815849e-01,3.077117439569611257e+00
4.800000000000000711e+00,1.145763548148972522e+00,2.951798383551879734e+00
5.000000000000000000e+00,1.688257098553916258e+00,2.365674967298915465e+00
5.200000000000000178e+00,2.042192224713482496e+00,1.070020957409682616e+00
5.400000000000000355e+00,2.091873069883204650e+00,-5.631245677178577935e-01
5.600000000000000533e+00,1.844759124293410046e+00,-1.787475360537329250e+00
5.800000000000000711e+00,1.425576333089001668e+00,-2.283483890756029311e+00
6.000000000000000000e+00,9.662975568795648673e-01,-2.246294577527131686e+00
6.200000000000000178e+00,5.432074650283259531e-01,-1.962291995191516314e+00
6.400000000000000355e+00,1.860543211899522431e-01,-1.605224250745301617e+00
6.600000000000000533e+00,-9.866395167552310941e-02,-1.243833673142831664e+00
6.800000000000000711e+00,-3.122954763133544698e-01,-8.966603763402954952e-01
7.000000000000000000e+00,-4.585146964123990032e-01,-5.711160548674529824e-01
7.200000000000000178e+00,-5.426213116355396160e-01,-2.781062494273767172e-01
7.400000000000000355e+00,-5.728466425320257738e-01,-3.467695486156804896e-02
7.600000000000000533e+00,-5.608898194239947399e-01,1.415292575876044845e-01
7.800000000000000711e+00,-5.215425508460063142e-01,2.375106745426050492e-01
8.000000000000000000e+00,-4.715668751640310630e-01,2.473220658386997284e-01
8.200000000000001066e+00,-4.282732787064923441e-01,1.715015414098273738e-01
8.400000000000000355e+00,-4.083211903347203631e-01,1.521333904634879219e-02
8.599999999999999645e+00,-4.269742378383309389e-01,-2.125800004038195246e-01
8.800000000000000711e+00,-4.972546199229964659e-01,-4.978806167512977443e-01
9.000000000000000000e+00,-6.285777509810278607e-01,-8.173630531917336350e-01
9.200000000000001066e+00,-8.239964514411970420e-01,-1.128608521813633692e+00
9.400000000000000355e+00,-1.074846515696467053e+00,-1.354691111119244784e+00
9.600000000000001421e+00,-1.352651427227729686e+00,-1.376331415227589616e+00
9.800000000000000711e+00,-1.603291333411530406e+00,-1.070395588125531150e+00
1.000000000000000000e+01,-1.757537796421870357e+00,-4.269022207614708853e-01
1.020000000000000107e+01,-1.762675642607837156e+00,3.784627880248889187e-01
1.040000000000000036e+01,-1.613097806215189278e+00,1.078443174657290005e+00
1.060000000000000142e+01,-1.348158556917721684e+00,1.519988675557483404e+00
1.080000000000000071e+01,-1.019800591034495163e+00,1.731023707693048364e+00
1.100000000000000000e+01,-6.629610815685877956e-01,1.828123778299941327e+00
1.120000000000000107e+01,-2.884848727234501919e-01,1.923558472130628916e+00
1.140000000000000036e+01,1.108996492258458033e-01,2.083496854253093833e+00
1.160000000000000142e+01,5.492710081619491813e-01,2.305156626158762379e+00
1.180000000000000071e+01,1.029985552024582862e+00,2.474394048330579743e+00
1.200000000000000000e+01,1.518051478553275269e+00,2.323927730398029023e+00
1.220000000000000107e+01,1.916573718126149961e+00,1.548240577034384780e+00
1.240000000000000036e+01,2.097099271209601046e+00,2.025671101763352744e-01
1.260000000000000142e+01,1.997180829506431277e+00,-1.141304173435099045e+00
1.280000000000000071e+01,1.677148636035562967e+00,-1.944799776040891048e+00
1.300000000000000000e+01,1.257732241397991446e+00,-2.166809914463051268e+00
1.320000000000000107e+01,8.322245544099363679e-01,-2.054728945623138792e+00
1.340000000000000036e+01,4.427081768464978806e-01,-1.836630638856309172e+00
1.360000000000000142e+01,9.628620108105559461e-02,-1.636432170056567381e+00
1.380000000000000071e+01,-2.160194115834327688e-01,-1.498007980416841134e+00
1.400000000000000000e+01,-5.068474882210340926e-01,-1.418394981262441235e+00
1.420000000000000107e+01,-7.849547697123968604e-01,-1.363066894696043807e+00
1.440000000000000036e+01,-1.049691464338712521e+00,-1.273211813012929294e+00
1.460000000000000142e+01,-1.287085434514387616e+00,-1.080070418520181041e+00
1.480000000000000071e+01,-1.471380571154463635e+00,-7.416162596557581699e-01
1.500000000000000000e+01,-1.575138333969420046e+00,-2.850418712671726196e-01
1.520000000000000107e+01,-1.583907052782307145e+00,1.885913536960518166e-01
1.540000000000000036e+01,-1.506502142119137577e+00,5.583181765444267253e-01
1.560000000000000142e+01,-1.371772638731182825e+00,7.535719076759808122e-01
1.580000000000000071e+01,-1.215955454043939010e+00,7.783344190293504106e-01
1.600000000000000000e+01,-1.068629651926648050e+00,6.795043261583255667e-01
1.619999999999999929e+01,-9.486682973178020006e-01,5.143537806484832497e-01
1.640000000000000213e+01,-8.641666943991824779e-01,3.322178877169892353e-01
1.660000000000000142e+01,-8.145694049128525682e-01,1.704753336449667811e-01
1.680000000000000071e+01,-7.929363083754129571e-01,5.602173411766850353e-02
1.700000000000000000e+01,-7.878453166684813436e-01,7.065420774046813832e-03
1.719999999999999929e+01,-7.850717927231165572e-01,3.367558399815370057e-02
1.740000000000000213e+01,-7.691908209511209016e-01,1.374613817735342303e-01
1.760000000000000142e+01,-7.253128597601415928e-01,3.116738146864883596e-01
1.780000000000000071e+01,-6.404747002563448977e-01,5.446418254302198836e-01
1.800000000000000000e+01,-5.041230366672020402e-01,8.252950627052579868e-01
1.819999999999999929e+01,-3.073095713730747414e-01,1.148919050689342969e+00
1.840000000000000213e+01,-4.148985583415754075e-02,1.517063850412666115e+00
1.860000000000000142e+01,3.023212593394433712e-01,1.925266329948560617e+00
1.880000000000000071e+01,7.279849250214490697e-01,2.319658705070721361e+00
1.900000000000000000e+01,1.218193877949135473e+00,2.525598647360790761e+00
1.920000000000000284e+01,1.703221780343195491e+00,2.205873651475574349e+00
1.940000000000000213e+01,2.046730079477009578e+00,1.107020302021262115e+00
1.960000000000000142e+01,2.112493803551397598e+00,-4.663174949378518508e-01
1.980000000000000071e+01,1.877937851024984006e+00,-1.779613124359187726e+00
2.000000000000000000e+01,1.443569473172418682e+00,-2.452848743631818706e+00
2.020000000000000284e+01,9.274469992575944399e-01,-2.656665463864881893e+00
2.040000000000000213e+01,3.908412039951065231e-01,-2.705087664545651194e+00
2.060000000000000142e+01,-1.575629469394718152e-01,-2.792699619488390628e+00
2.080000000000000071e+01,-7.294455587210286751e-01,-2.922904320615769436e+00
2.100000000000000000e+01,-1.315095553649637594e+00,-2.870455408021825416e+00
2.120000000000000284e+01,-1.836926236480020957e+00,-2.217741519247844018e+00
2.140000000000000213e+01,-2.147290477321821545e+00,-7.819593460337628255e-01
2.160000000000000142e+01,-2.131984008805619002e+00,8.984048488266039856e-01
2.180000000000000071e+01,-1.825432866606764737e+00,2.028322683516471603e+00
2.200000000000000000e+01,-1.370950387873701493e+00,2.399149863935093219e+00
2.220000000000000284e+01,-8.968483125138739798e-01,2.290352951339241550e+00
2.240000000000000213e+01,-4.665451435924120593e-01,2.000685615878665669e+00
2.260000000000000142e+01,-9.769314526475592064e-02,1.691806664681480221e+00
2.280000000000000071e+01,2.126279106812565822e-01,1.419249994136669857e+00
2.300000000000000000e+01,4.725908434462219310e-01,1.187207811207222852e+00
2.320000000000000284e+01,6.890496680971374133e-01,9.824160951331628588e-01
2.340000000000000213e+01,8.656339371545596073e-01,7.896708243524910298e-01
2.360000000000000142e+01,1.004046117163807539e+00,6.004070373315405496e-01
2.380000000000000071e+01,1.105105397302532433e+00,4.170094003811549155e-01
2.400000000000000000e+01,1.171103769741588252e+00,2.502907736205337574e-01
2.420000000000000284e+01,1.206695406212726196e+00,1.155854508362183924e-01
2.440000000000000213e+01,1.219776601518402392e+00,2.547357676364849638e-02
2.460000000000000142e+01,1.219909583442372103e+00,-1.612139011952677670e-02
2.480000000000000071e+01,1.216200464422854788e+00,-1.480923233870058003e-02
2.500000000000000000e+01,1.215869693290827724e+00,1.457686423436740757e-02
2.520000000000000284e+01,1.222539340063948821e+00,5.146249960389346484e-02
2.540000000000000213e+01,1.235475178913726380e+00,7.359269287476165322e-02
2.560000000000000142e+01,1.249689389847483234e+00,6.153573795364344901e-02
2.580000000000000071e+01,1.256959425553206389e+00,3.111648994916546562e-03
2.600000000000000000e+01,1.247645311960638326e+00,-1.034961594689008252e-01
2.620000000000000284e+01,1.212771733573011490e+00,-2.498825434937220757e-01
2.640000000000000213e+01,1.145798216258386404e+00,-4.212935690127636579e-01
2.660000000000000142e+01,1.043131779857475738e+00,-6.037050569513111586e-01
2.680000000000000071e+01,9.033379335128204346e-01,-7.903223228497381347e-01
2.700000000000000000e+01,7.255586875257193924e-01,-9.853096940550128968e-01
2.720000000000000284e+01,5.070911063676395436e-01,-1.202479325190533688e+00
2.740000000000000213e+01,2.415278440313045061e-01,-1.461957264037432758e+00
2.760000000000000142e+01,-8.165942392654443327e-02,-1.780247943986366099e+00
2.780000000000000071e+01,-4.738357346760443400e-01,-2.145279046030248438e+00
2.800000000000000000e+01,-9.370292316058217441e-01,-2.463072158184793636e+00
2.820000000000000284e+01,-1.439731059710738226e+00,-2.482995951988105077e+00
2.840000000000000213e+01,-1.885317702333820122e+00,-1.843093857051105955e+00
2.860000000000000142e+01,-2.126432793861771753e+00,-4.812769022853711776e-01
2.880000000000000071e+01,-2.065889201417406174e+00,1.045562129727000134e+00
2.900000000000000000e+01,-1.742765223330320801e+00,2.064132972764078033e+00
2.920000000000000284e+01,-1.282352433114834600e+00,2.448903997883737027e+00
2.940000000000000213e+01,-7.868470749200755510e-01,2.471485679441891126e+00
2.960000000000000142e+01,-2.990598179199454032e-01,2.408428443363181071e+00
2.980000000000000071e+01,1.803721554712846009e-01,2.398858247283504941e+00
3.000000000000000000e+01,6.641074354434978178e-01,2.440090982710216849e+00
3.020000000000000284e+01,1.150426181483565902e+00,2.387479656124320115e+00
3.040000000000000213e+01,1.595294653020131070e+00,1.981793871336655410e+00
3.060000000000000142e+01,1.906198620215640682e+00,1.047159693269431813e+00
3.080000000000000071e+01,1.991394796797181677e+00,-2.051945961175820343e-01
3.100000000000000000e+01,1.837246070183783164e+00,-1.261159497264215279e+00
3.120000000000000284e+01,1.522012914986408116e+00,-1.793248448110118076e+00
3.140000000000000213e+01,1.150900577252905732e+00,-1.853666702605479388e+00
3.160000000000000142e+01,7.981038902455426243e-01,-1.646172614271916856e+00
3.180000000000000071e+01,4.991864862720055696e-01,-1.336144737785391667e+00
3.200000000000000000e+01,2.644325819606936356e-01,-1.014398592154738710e+00
3.220000000000000284e+01,9.142035127323794308e-02,-7.229065658397760830e-01
3.239999999999999858e+01,-2.808824236753301729e-02,-4.816736324657073798e-01
3.260000000000000142e+01,-1.053895986386781392e-01,-3.025000231899467873e-01
3.280000000000000426e+01,-1.537877817668192593e-01,-1.938592371161145245e-01
3.300000000000000000e+01,-1.880188583964173543e-01,-1.615921691773918589e-01
3.320000000000000284e+01,-2.236901864710937882e-01,-2.084305509371033593e-01
3.339999999999999858e+01,-2.765961982134430563e-01,-3.333990233479018350e-01
3.360000000000000142e+01,-3.618938322665926632e-01,-5.307765861301709798e-01
3.380000000000000426e+01,-4.929435505401051909e-01,-7.873735510456576492e-01
3.400000000000000000e+01,-6.791382247685608942e-01,-1.075416801574788916e+00
3.420000000000000284e+01,-9.217812944405943121e-01,-1.338935770091377764e+00
3.439999999999999858e+01,-1.206713382468757922e+00,-1.476798710669652070e+00
3.460000000000000142e+01,-1.494886116226722184e+00,-1.348682914948555078e+00
3.480000000000000426e+01,-1.721269275249108555e+00,-8.569162905144022124e-01
3.500000000000000000e+01,-1.817594671804840134e+00,-7.852163923729371664e-02
3.520000000000000284e+01,-1.750547935054889814e+00,7.269410286263457976e-01
3.539999999999999858e+01,-1.541700912489219588e+00,1.307766983253571658e+00
3.560000000000000142e+01,-1.246143452999958656e+00,1.596952698043349272e+00
3.580000000000000426e+01,-9.155814884302906353e-01,1.684276925950299875e+00
3.600000000000000000e+01,-5.772097104535373058e-01,1.696088340275742512e+00
3.620000000000000284e+01,-2.356319326340550746e-01,1.729010614995377892e+00
3.639999999999999858e+01,1.191956877240394896e-01,1.832688984567840906e+00
3.660000000000000142e+01,5.021328306904487837e-01,2.003970799952218940e+00
3.680000000000000426e+01,9.203006106734110681e-01,2.162807702415212141e+00
3.700000000000000000e+01,1.354223800897224272e+00,2.121420878453303960e+00
3.720000000000000284e+01,1.738442928779062813e+00,1.631827463013898027e+00
3.739999999999999858e+01,1.970781816044973933e+00,6.252125205492440330e-01
3.760000000000000142e+01,1.975049443508261948e+00,-5.678828954942971574e-01
3.780000000000000426e+01,1.764036417787805844e+00,-1.457578085807426094e+00
3.800000000000000000e+01,1.425460693880025387e+00,-1.842326187188787268e+00
3.820000000000000284e+01,1.052246761296069977e+00,-1.842647267734871530e+00
3.840000000000000568e+01,7.004555665773941620e-01,-1.659593590034741606e+00
3.860000000000000142e+01,3.909199747900263811e-01,-1.437617406558310273e+00
3.880000000000000426e+01,1.229976118418552034e-01,-1.251337539014652389e+00
3.900000000000000000e+01,-1.139876203663542364e-01,-1.130568509620694329e+00
3.920000000000000284e+01,-3.339946721467582647e-01,-1.081073108726852139e+00
3.940000000000000568e+01,-5.504703502152527017e-01,-1.092285481544182035e+00
3.960000000000000142e+01,-7.731447117456784479e-01,-1.136511238592824879e+00
3.980000000000000426e+01,-1.004148653202802777e+00,-1.165183709334609352e+00
4.000000000000000000e+01,-1.233713722855118045e+00,-1.110193403179293270e+00
4.020000000000000284e+01,-1.437907179840971494e+00,-9.040735405212160236e-01
4.040000000000000568e+01,-1.583400098451974269e+00,-5.271781381230953301e-01
4.060000000000000142e+01,-1.641066977807830618e+00,-4.298427808066293543e-02
4.080000000000000426e+01,-1.601789533759584438e+00,4.201851145290471101e-01
4.100000000000000000e+01,-1.481915499737374686e+00,7.464583212040813986e-01
4.120000000000000284e+01,-1.314567239058701542e+00,8.952526141030359152e-01
4.140000000000000568e+01,-1.133311239928534553e+00,8.964494962036182457e-01
4.160000000000000142e+01,-9.617842806973169179e-01,8.093928281636881827e-01
4.180000000000000426e+01,-8.116601319056178099e-01,6.912937384400391627e-01
4.200000000000000000e+01,-6.845472209638920891e-01,5.852002537033297314e-01
4.220000000000000284e+01,-5.749657081710927153e-01,5.195750889165526853e-01
4.240000000000000568e+01,-4.729381215286052598e-01,5.116862258675182185e-01
4.260000000000000142e+01,-3.658602498406501313e-01,5.710158583474681526e-01
4.280000000000000426e+01,-2.397796498755034034e-01,7.020280568545437250e-01
4.300000000000000000e+01,-8.019154478673087838e-02,9.060537439184322972e-01
4.320000000000000284e+01,1.273376612729869573e-01,1.180432307420529847e+00
4.340000000000000568e+01,3.958114681422168490e-01,1.511033079524624290e+00
4.360000000000000142e+01,7.325650896935749223e-01,1.849549098382679224e+00
4.380000000000000426e+01,1.128369874864147082e+00,2.070956275438105898e+00
4.400000000000000000e+01,1.538228303878747427e+00,1.947300959863542458e+00
4.420000000000000284e+01,1.868436259704956859e+00,1.258623730926614170e+00
4.440000000000000568e+01,2.008306484730769892e+00,9.550412207215569493e-02
4.460000000000000142e+01,1.905787975271316936e+00,-1.074164560128961554e+00
4.480000000000000426e+01,1.606876045773665052e+00,-1.824503110629478897e+00
4.500000000000000000e+01,1.206291245902503473e+00,-2.114581847198659936e+00
4.520000000000000284e+01,7.778819615825486311e-01,-2.144303132540257284e+00
4.540000000000000568e+01,3.523057531280681109e-01,-2.114016372393518584e+00
4.560000000000000142e+01,-7.138405835084812856e-02,-2.136027647255534845e+00
4.580000000000000426e+01,-5.068278061919413435e-01,-2.226542425583191598e+00
4.600000000000000000e+01,-9.608962350380153561e-01,-2.296302777437158937e+00
4.620000000000000284e+01,-1.410188881976670583e+00,-2.136286569790355472e+00
4.640000000000000568e+01,-1.783005225383172965e+00,-1.504725964926886705e+00
4.660000000000000142e+01,-1.978957484891174179e+00,-4.035267210495816492e-01
4.680000000000000426e+01,-1.938818467344705976e+00,7.704885965607820575e-01
4.700000000000000000e+01,-1.696866974081153501e+00,1.557281397491605324e+00
4.720000000000000284e+01,-1.349695577476855313e+00,1.832526441572027487e+00
4.740000000000000568e+01,-9.870815847521010600e-01,1.750762669822727879e+00
4.760000000000000142e+01,-6.602027193087046664e-01,1.504023281064273743e+00
4.780000000000000426e+01,-3.880202790810625135e-01,1.218729915465178282e+00
4.800000000000000000e+01,-1.710468303983047611e-01,9.585043070974750279e-01
4.820000000000000284e+01,-1.044479531261688354e-03,7.518366159105431823e-01
4.840000000000000568e+01,1.341244098496474912e-01,6.115994360773501226e-01
4.860000000000000142e+01,2.484226530060035798e-01,5.438226728231692064e-01
4.880000000000000426e+01,3.565804903901434453e-01,5.501221560787749043e-01
4.900000000000000000e+01,4.731727921790780944e-01,6.268852536781049922e-01
4.920000000000000284e+01,6.113004491081753811e-01,7.622615555880808413e-01
4.940000000000000568e+01,7.804219057624429690e-01,9.307284792083084790e-01
4.960000000000000142e+01,9.829205076601404967e-01,1.085376513056070857e+00
4.980000000000000426e+01,1.209008233608631411e+00,1.152071793313538484e+00
5.000000000000000000e+01,1.431986799395506216e+00,1.041073282172567449e+00
5.020000000000000284e+01,1.609527792853165495e+00,6.966469056055565323e-01
5.040000000000000568e+01,1.697224540473873056e+00,1.606243213972181616e-01
5.060000000000000142e+01,1.670619441204195255e+00,-4.177378356261339798e-01
5.080000000000000426e+01,1.538166971982171560e+00,-8.734745604461027213e-01
5.100000000000000000e+01,1.334054661851541201e+00,-1.129929466302067587e+00
5.120000000000000284e+01,1.097190078406969027e+00,-1.213731179802800098e+00
5.140000000000000568e+01,8.548816430523389354e-01,-1.199261527173568265e+00
5.160000000000000142e+01,6.190629098052746748e-01,-1.160071717405006364e+00
5.180000000000000426e+01,3.888975131494036841e-01,-1.149897528883768505e+00
5.200000000000000000e+01,1.549662252397207840e-01,-1.201824241116507652e+00
5.220000000000000284e+01,-9.699614127494000926e-02,-1.331084716165443993e+00
5.240000000000000568e+01,-3.824094593477165294e-01,-1.533023205149424140e+00
5.260000000000000142e+01,-7.125372930280557959e-01,-1.766879282678379681e+00
5.280000000000000426e+01,-1.084610603401549689e+00,-1.926833055680713169e+00
5.300000000000000000e+01,-1.466004938304622973e+00,-1.824536713001467580e+00
5.320000000000000284e+01,-1.783328327277115211e+00,-1.268926279791390499e+00
5.340000000000000568e+01,-1.944110925609421781e+00,-2.936516560270248100e-01
5.360000000000000142e+01,-1.895654260581540296e+00,7.504416292384165077e-01
5.380000000000000426e+01,-1.665367237009835577e+00,1.473807280482608562e+00
5.400000000000000000e+01,-1.334217051218289374e+00,1.768841841560882644e+00
5.420000000000000284e+01,-9.773619649814607735e-01,1.764945433258490182e+00
5.440000000000000568e+01,-6.365058253996336290e-01,1.634968525730393862e+00
5.460000000000000142e+01,-3.236718097514552084e-01,1.499405021531501569e+00
5.480000000000000426e+01,-3.297208528339967692e-02,1.419713684564967604e+00
5.500000000000000000e+01,2.493059376600845201e-01,1.415758890972366180e+00
5.520000000000000284e+01,5.376026963618348864e-01,1.475026909574442824e+00
5.540000000000000568e+01,8.404146041412186019e-01,1.548988200936633364e+00
5.560000000000000142e+01,1.152175885193908123e+00,1.545109469589835971e+00
5.580000000000000426e+01,1.444944435449829090e+00,1.340114638987047302e+00
5.600000000000000000e+01,1.668582626487772336e+00,8.535760344896645702e-01
5.620000000000000284e+01,1.771140026814910673e+00,1.535233711710395355e-01
5.640000000000000568e+01,1.729730306657454975e+00,-5.453714399366376142e-01
5.660000000000000142e+01,1.567188054022980337e+00,-1.029291769832772818e+00
5.680000000000000426e+01,1.336634284036543940e+00,-1.228043491747428106e+00
5.700000000000000000e+01,1.090706269663781924e+00,-1.201523714915040397e+00
5.720000000000000284e+01,8.643101349065276384e-01,-1.049912912993067771e+00
5.740000000000000568e+01,6.735366544106977660e-01,-8.569702107519493461e-01
5.760000000000000142e+01,5.206932597959215148e-01,-6.776098931675964554e-01
5.780000000000000426e+01,3.995230633150889665e-01,-5.441225602713347653e-01
5.800000000000000000e+01,2.988451239856917963e-01,-4.746762868725480367e-01
5.820000000000000284e+01,2.047697450466949010e-01,-4.790357496186263830e-01
5.840000000000000568e+01,1.020326218334271506e-01,-5.615935978204416035e-01
5.860000000000000142e+01,-2.509807045649074461e-02,-7.226411988772971640e-01
5.880000000000000426e+01,-1.919754271109692101e-01,-9.577576967838414834e-01
5.900000000000000000e+01,-4.122641818166180583e-01,-1.252786181624141681e+00
5.920000000000000284e+01,-6.947157580668517074e-01,-1.568883088757210498e+00
5.940000000000000568e+01,-1.035483961789190444e+00,-1.813614579370165236e+00
5.960000000000000142e+01,-1.404306385499839660e+00,-1.814529584999781786e+00
5.980000000000000426e+01,-1.731210822742460742e+00,-1.371635007343469770e+00
6.000000000000000000e+01,-1.920749765931969666e+00,-4.650673874664468799e-01
6.020000000000000284e+01,-1.905579888145072065e+00,6.051095311990782877e-01
6.040000000000000568e+01,-1.695237511668733932e+00,1.428095515223907874e+00
6.060000000000000142e+01,-1.361508372692335156e+00,1.838903072864575883e+00
6.080000000000000426e+01,-9.797248640895387384e-01,1.942149554577156767e+00
6.100000000000000000e+01,-5.928932989068064208e-01,1.918362929753139268e+00
6.120000000000000284e+01,-2.117467892400795582e-01,1.901948119739041543e+00
6.140000000000000568e+01,1.726841856708631329e-01,1.955900327461637778e+00
6.160000000000000142e+01,5.748847792187199435e-01,2.071487015237903240e+00
6.180000000000000426e+01,9.992139798382644322e-01,2.152524260334943929e+00
6.200000000000000000e+01,1.420578850204959442e+00,2.002001441470509846e+00
6.220000000000000284e+01,1.769389732343598309e+00,1.405213212380929555e+00
6.240000000000000568e+01,1.952167530674110862e+00,3.753075005999540470e-01
6.260000000000000142e+01,1.914272388604595809e+00,-7.237645356132091923e-01
6.280000000000000426e+01,1.686183580495659751e+00,-1.471667583827699577e+00
6.300000000000000000e+01,1.356732678311693752e+00,-1.747542347037374766e+00
6.320000000000000284e+01,1.009406897005210579e+00,-1.685135319017929012e+00
6.340000000000000568e+01,6.931864578886857142e-01,-1.463099697539468780e+00
6.360000000000000142e+01,4.265662142798501977e-01,-1.204083607390325605e+00
6.380000000000000426e+01,2.097194090982240078e-01,-9.724604298108528999e-01
6.400000000000000000e+01,3.378386846235095775e-02,-7.978990204967604249e-01
6.420000000000000284e+01,-1.141289426450378675e-01,-6.935686151819300260e-01
6.440000000000000568e+01,-2.486478651614044133e-01,-6.642912266149268996e-01
6.460000000000000853e+01,-3.847626136936904140e-01,-7.087919210614216370e-01
6.479999999999999716e+01,-5.365101729754118143e-01,-8.180423884593437389e-01
6.500000000000000000e+01,-7.149432055101618833e-01,-9.701175871189247069e-01
6.520000000000000284e+01,-9.247677802190235052e-01,-1.122366583303014753e+00
6.540000000000000568e+01,-1.159420445866305771e+00,-1.203748651697807315e+00
6.560000000000000853e+01,-1.395446456805694790e+00,-1.121169824389218750e+00
6.579999999999999716e+01,-1.591736205670121862e+00,-8.029146940725989667e-01
6.600000000000000000e+01,-1.701787971062076243e+00,-2.730526792220482890e-01
6.620000000000000284e+01,-1.695818280269146383e+00,3.278091979059314376e-01
6.640000000000000568e+01,-1.577710188923324930e+00,8.209675969309409016e-01
6.660000000000000853e+01,-1.380648974681079055e+00,1.107632064439784791e+00
6.679999999999999716e+01,-1.146768794015961213e+00,1.203056958212874505e+00
6.700000000000000000e+01,-9.070925608744919710e-01,1.180872910846985979e+00
6.720000000000000284e+01,-6.770422950227095171e-01,1.118805318737318144e+00
6.740000000000000568e+01,-4.583714387514191690e-01,1.074856955131321401e+00
6.760000000000000853e+01,-2.434678087405526548e-01,1.085482431171117534e+00
6.779999999999999716e+01,-1.922886316561449316e-02,1.170205007066053016e+00
6.800000000000000000e+01,2.298672363824084686e-01,1.333279549812906861e+00
6.820000000000000284e+01,5.182322777038647077e-01,1.556996632107334522e+00
6.840000000000000568e+01,8.529695047317636947e-01,1.781159564357190028e+00
6.860000000000000853e+01,1.222349683595752134e+00,1.873929441242254912e+00
6.879999999999999716e+01,1.580624097013847429e+00,1.637916483729197070e+00
6.900000000000000000e+01,1.845852220133332500e+00,9.421707121178923838e-01
6.920000000000000284e+01,1.935105056067400353e+00,-7.085000021904530598e-02
6.940000000000000568e+01,1.822186888219480272e+00,-1.010565829650374337e+00
6.960000000000000853e+01,1.555881436892316172e+00,-1.575812264947207497e+00
6.979999999999999716e+01,1.217210271154283818e+00,-1.754704038497329588e+00
7.000000000000000000e+01,8.691241803565016300e-01,-1.701241453667150960e+00
7.020000000000000284e+01,5.417259226156249108e-01,-1.569985202784652589e+00
7.040000000000000568e+01,2.397244459207775180e-01,-1.458721617752444244e+00
7.060000000000000853e+01,-4.622847394858770054e-02,-1.413749220461396172e+00
7.079999999999999716e+01,-3.308839591546256509e-01,-1.444718868048799010e+00
7.100000000000000000e+01,-6.277242319040319263e-01,-1.528481405980250729e+00
7.120000000000000284e+01,-9.417093601547373849e-01,-1.600897702375699172e+00
7.140000000000000568e+01,-1.260034169512209479e+00,-1.550144080156170112e+00
7.160000000000000853e+01,-1.544595326333335183e+00,-1.246955540455904732e+00
7.179999999999999716e+01,-1.738264668376284794e+00,-6.481362209509440309e-01
7.200000000000000000e+01,-1.792194418468614270e+00,1.137451735664483099e-01
7.220000000000000284e+01,-1.698652778243747941e+00,7.849801853429407839e-01
7.240000000000000568e+01,-1.496280527445090325e+00,1.182112476849003890e+00
7.260000000000000853e+01,-1.244359023063977387e+00,1.292263137148190300e+00
7.279999999999999716e+01,-9.920770314260810574e-01,1.206848620181021348e+00
7.300000000000000000e+01,-7.677169244634320933e-01,1.029330749378076781e+00
7.320000000000000284e+01,-5.814846578802664867e-01,8.355989811172309656e-01
7.340000000000000568e+01,-4.315514969339875884e-01,6.719177550072646943e-01
7.360000000000000853e+01,-3.090390288317738099e-01,5.643792464441066414e-01
7.379999999999999716e+01,-2.011549791337111370e-01,5.271915154601334308e-01
7.400000000000000000e+01,-9.302086290435686300e-02,5.674608250833436118e-01
7.420000000000000284e+01,3.113813650310255643e-02,6.873883854260929294e-01
7.440000000000000568e+01,1.870716919468332629e-01,8.841829523606440366e-01
7.460000000000000853e+01,3.892230032319983213e-01,1.146353634753983108e+00
7.479999999999999716e+01,6.480499629157611130e-01,1.442282121569480768e+00
7.500000000000000000e+01,9.637273432526280992e-01,1.696768255642825407e+00
7.520000000000000284e+01,1.314751007196291566e+00,1.764843998742219089e+00
7.540000000000000568e+01,1.644425613065963798e+00,1.456738757274866902e+00
7.560000000000000853e+01,1.866247802933761246e+00,6.964058918620803507e-01
7.579999999999999716e+01,1.905547126488793319e+00,-3.106892940935694902e-01
7.600000000000000000e+01,1.751220036656735424e+00,-1.178121384089103607e+00
7.620000000000000284e+01,1.458962445297341315e+00,-1.672306600413883348e+00
7.640000000000000568e+01,1.103949006263861499e+00,-1.832397429986160731e+00
7.660000000000000853e+01,7.372700221212898919e-01,-1.819154663058288879e+00
7.680000000000001137e+01,3.781897696401121389e-01,-1.775702704291095557e+00
7.700000000000000000e+01,2.339545355866134990e-02,-1.784834604505942446e+00
7.720000000000000284e+01,-3.409521067065722777e-01,-1.870427436035845714e+00
7.740000000000000568e+01,-7.274495505644091864e-01,-1.993371306908737317e+00
7.760000000000000853e+01,-1.132953663815465584e+00,-2.031965644511653846e+00
7.780000000000001137e+01,-1.521114511750350617e+00,-1.784571449985758562e+00
7.800000000000000000e+01,-1.816215501342510086e+00,-1.093934314952902609e+00
7.820000000000000284e+01,-1.934881232260765138e+00,-6.717810243095637124e-02
7.840000000000000568e+01,-1.846112627930996508e+00,9.094835692952822903e-01
7.860000000000000853e+01,-1.596592714028814974e+00,1.503362979718630310e+00
7.880000000000001137e+01,-1.272485605879197568e+00,1.674981892744218603e+00
7.900000000000000000e+01,-9.447909193108015025e-01,1.570189552436312752e+00
7.920000000000000284e+01,-6.522430116404100975e-01,1.346006635112422689e+00
7.940000000000000568e+01,-4.074794620444355253e-01,1.104801494809891205e+00
7.960000000000000853e+01,-2.078942393038416270e-01,9.001575994824770888e-01
7.980000000000001137e+01,-4.329650997483404373e-02,7.574777501791597478e-01
8.000000000000000000e+01,9.999905915225877628e-02,6.882582985501158879e-01
8.020000000000000284e+01,2.371598460080354132e-01,6.962310389637742514e-01
8.040000000000000568e+01,3.834582968544312243e-01,7.784613228504432270e-01
8.060000000000000853e+01,5.527228667530323936e-01,9.225246793697041703e-01
8.080000000000001137e+01,7.548230946662974894e-01,1.099678363056558750e+00
8.100000000000000000e+01,9.913579991915196787e-01,1.254252121852444724e+00
8.120000000000000284e+01,1.249306244833785051e+00,1.296112938585325836e+00
8.140000000000000568e+01,1.495141578895797130e+00,1.118485737038669381e+00
8.160000000000000853e+01,1.678060055168974385e+00,6.693180872599931996e-01
8.180000000000001137e+01,1.749371908689274724e+00,2.834363412657411874e-02
8.200000000000000000e+01,1.689560975916316599e+00,-6.061377446774124378e-01
8.220000000000000284e+01,1.519200030653588662e+00,-1.053551995228545257e+00
8.240000000000000568e+01,1.283394412876629254e+00,-1.262578405557891248e+00
8.260000000000000853e+01,1.025554378189690752e+00,-1.292525505085896809e+00
8.280000000000001137e+01,7.720342420299397546e-01,-1.235320461981978646e+00
8.300000000000000000e+01,5.320276004727451102e-01,-1.168328728715577247e+00
8.320000000000000284e+01,3.019607379818890491e-01,-1.142358739855087624e+00
8.340000000000000568e+01,7.047321145352514193e-02,-1.185533727315750241e+00
8.360000000000000853e+01,-1.775618238080143851e-01,-1.307943177571925464e+00
8.380000000000001137e+01,-4.573720745000927623e-01,-1.498646100221336708e+00
8.400000000000000000e+01,-7.785981983983649712e-01,-1.709710990672020037e+00
8.420000000000000284e+01,-1.135625693613102172e+00,-1.830991386268514765e+00
8.440000000000000568e+01,-1.493229380740928480e+00,-1.683815314014492914e+00
8.460000000000000853e+01,-1.779763877368526703e+00,-1.111296593968636337e+00
8.480000000000001137e+01,-1.912601486465857148e+00,-1.825378599711154071e-01
8.500000000000000000e+01,-1.850703313971399533e+00,7.706478794520679187e-01
8.520000000000000284e+01,-1.625028372966030199e+00,1.413809405148480858e+00
8.540000000000000568e+01,-1.310841451042166206e+00,1.666675665799397077e+00
8.560000000000000853e+01,-9.760381165966842687e-01,1.649483423621306954e+00
8.580000000000001137e+01,-6.585816470667725797e-01,1.516736822814844343e+00
8.600000000000000000e+01,-3.696865928663770062e-01,1.377546813143650795e+00
8.620000000000000284e+01,-1.040629568837911356e-01,1.290405748113708340e+00
8.640000000000000568e+01,1.514976331155512557e-01,1.278360477380187543e+00
8.660000000000000853e+01,4.122042764254105762e-01,1.339289567963418692e+00
8.680000000000001137e+01,6.902150647962377317e-01,1.443716634251948294e+00
8.700000000000000000e+01,9.883058371823187915e-01,1.524472542087969451e+00
8.720000000000000284e+01,1.291247573023374118e+00,1.471350254421965653e+00
8.740000000000000568e+01,1.559525572807300087e+00,1.164196026870620182e+00
8.760000000000000853e+01,1.737233423303781610e+00,5.747773812195813292e-01
8.780000000000001137e+01,1.779086373639130025e+00,-1.588038995355274541e-01
8.800000000000000000e+01,1.680024908600428413e+00,-7.953015678395081167e-01
8.820000000000000284e+01,1.478353824670819217e+00,-1.168673173180514890e+00
8.840000000000000568e+01,1.230110662355213380e+00,-1.272540197821749652e+00
8.860000000000000853e+01,9.811118319321328052e-01,-1.195794938053788004e+00
8.880000000000001137e+01,7.571779718004770787e-01,-1.037252189983579820e+00
8.900000000000000000e+01,5.668520676763985078e-01,-8.694082316602864680e-01
8.920000000000000284e+01,4.071329625267278707e-01,-7.366081650661258085e-01
8.940000000000000568e+01,2.682675672469953532e-01,-6.637763267663596700e-01
8.960000000000000853e+01,1.367790852319056838e-01,-6.640906830983775988e-01
8.980000000000001137e+01,-2.640909110056009756e-03,-7.435254306451739570e-01
9.000000000000000000e+01,-1.659022231077123266e-01,-9.018822087761013684e-01
9.020000000000000284e+01,-3.681054589669230936e-01,-1.130171921692685544e+00
9.040000000000000568e+01,-6.209364671746475661e-01,-1.400607272858819918e+00
9.060000000000000853e+01,-9.270304719533625226e-01,-1.645928805861945454e+00
9.080000000000001137e+01,-1.269298424633647393e+00,-1.734273480042211935e+00
9.100000000000000000e+01,-1.598223624826925926e+00,-1.485290978006194029e+00
9.120000000000000284e+01,-1.833488574922102599e+00,-8.016556709207315334e-01
9.140000000000000568e+01,-1.899448495273442061e+00,1.580442056792937255e-01
9.160000000000000853e+01,-1.775833446323679787e+00,1.032221609408788154e+00
9.180000000000001137e+01,-1.509503376557587151e+00,1.561489576882589159e+00
9.200000000000000000e+01,-1.173678189461840882e+00,1.747200727484293115e+00
9.220000000000000284e+01,-8.235114279061643838e-01,1.734011915170150742e+00
9.240000000000000568e+01,-4.835748509084062952e-01,1.665528661551394229e+00
9.260000000000000853e+01,-1.548184703172829912e-01,1.632802088553511055e+00
9.280000000000001137e+01,1.746029856731671770e-01,1.674718018292828292e+00
9.300000000000000000e+01,5.196373034575543226e-01,1.783023193490475666e+00
9.320000000000000284e+01,8.880162304635179638e-01,1.891173970471035082e+00
9.340000000000000568e+01,1.266914777340095499e+00,1.858588095464804857e+00
9.360000000000000853e+01,1.609491173843599299e+00,1.501576939889227802e+00
9.380000000000001137e+01,1.839407872543508793e+00,7.419787849330029550e-01
9.400000000000000000e+01,1.891173712775541915e+00,-2.281763244503433874e-01
9.420000000000000284e+01,1.758250158067114599e+00,-1.046351675531918657e+00
9.440000000000000568e+01,1.497988324404381899e+00,-1.483320462613980650e+00
9.460000000000000853e+01,1.188278883784928297e+00,-1.562950491774697692e+00
9.480000000000001137e+01,8.868684616492454875e-01,-1.427604706020136449e+00
9.500000000000000000e+01,6.227323439707007635e-01,-1.208846819865993183e+00
9.520000000000000284e+01,4.033783628790568732e-01,-9.897545363825722697e-01
9.540000000000000568e+01,2.239404137085507229e-01,-8.144883935060657221e-01
9.560000000000000853e+01,7.321391731966352123e-02,-7.049371283416066003e-01
9.580000000000001137e+01,-6.309680422379507214e-02,-6.713141597676036687e-01
9.600000000000000000e+01,-2.005887470749526114e-01,-7.167287094333820718e-01
9.620000000000000284e+01,-3.548261583392039453e-01,-8.373995225538609644e-01
9.640000000000000568e+01,-5.397010607016571315e-01,-1.018972308202111599e+00
9.660000000000000853e+01,-7.643685526522052687e-01,-1.227197911747978099e+00
9.680000000000001137e+01,-1.028152559524812437e+00,-1.394403772899010407e+00
9.700000000000000000e+01,-1.312334498947500094e+00,-1.410281062614165304e+00
9.720000000000000284e+01,-1.573759396856038162e+00,-1.151291592920918205e+00
9.740000000000000568e+01,-1.751118905217547539e+00,-5.788361049504584521e-01
9.760000000000000853e+01,-1.792794850494684011e+00,1.700859741654568991e-01
9.780000000000001137e+01,-1.687931946443430142e+00,8.443627649497912335e-01
9.800000000000000000e+01,-1.471741864689513068e+00,1.265592630063937518e+00
9.820000000000000284e+01,-1.198741629793542485e+00,1.424348217353675450e+00
9.840000000000000568e+01,-9.128687971719448013e-01,1.415254548473506846e+00
9.860000000000000853e+01,-6.366384332954173608e-01,1.344292117632849726e+00
9.880000000000001137e+01,-3.740956727722715702e-01,1.288473056982659681e+00
9.900000000000000000e+01,-1.172546932618827309e-01,1.292321266717064709e+00
9.920000000000000284e+01,1.480694104818317258e-01,1.374336367474075393e+00
9.940000000000000568e+01,4.373364509484628515e-01,1.527771396174635088e+00
9.960000000000000853e+01,7.611785113223075161e-01,1.708146982462420693e+00
9.980000000000001137e+01,1.115737866435434045e+00,1.810607011349652407e+00
1.000000000000000000e+02,1.469020975505695548e+00,1.665101167174957153e+00
1.002000000000000028e+02,1.754428690576317118e+00,1.121252069903489579e+00
1.004000000000000057e+02,1.893190077695643625e+00,2.317678965142621061e-01
1.006000000000000085e+02,1.844165945535043205e+00,-6.950389193955357481e-01
1.008000000000000114e+02,1.634365275234562542e+00,-1.333599139763128605e+00
1.010000000000000000e+02,1.335737155470838822e+00,-1.591194544336593797e+00
1.012000000000000028e+02,1.015993603704183457e+00,-1.572648709691738977e+00
1.014000000000000057e+02,7.151290102930221160e-01,-1.425401858674102851e+00
1.016000000000000085e+02,4.471380224322243357e-01,-1.257741337585469354e+00
1.018000000000000114e+02,2.093186777751060157e-01,-1.130663831817335208e+00
1.020000000000000000e+02,-9.735278375205602686e-03,-1.072669092642448030e+00
1.022000000000000028e+02,-2.249671871891958663e-01,-1.092564216404042110e+00
1.024000000000000057e+02,-4.515089535841784185e-01,-1.182848672560497638e+00
1.026000000000000085e+02,-7.009840804167981609e-01,-1.314762593872643492e+00
1.028000000000000114e+02,-9.763282785960412102e-01,-1.427217896177796597e+00
1.030000000000000000e+02,-1.264050749340375868e+00,-1.418980951589178696e+00
1.032000000000000028e+02,-1.527896987325450651e+00,-1.173322479740712687e+00
1.034000000000000057e+02,-1.713879950686930220e+00,-6.453709839155261641e-01
1.036000000000000085e+02,-1.773734881606743308e+00,5.619600657716955494e-02
1.038000000000000114e+02,-1.694752354707389053e+00,7.045322380951172248e-01
1.040000000000000000e+02,-1.507195362681450046e+00,1.119164558235119955e+00
1.042000000000000028e+02,-1.263874037505049230e+00,1.271311456879572255e+00
1.044000000000000057e+02,-1.010695116678741012e+00,1.237514741017796682e+00
1.046000000000000085e+02,-7.746779179614574629e-01,1.115659442001955437e+00
1.048000000000000114e+02,-5.652656230546566629e-01,9.817139124287164176e-01
1.050000000000000000e+02,-3.796593423584359583e-01,8.833907189898652090e-01
1.052000000000000028e+02,-2.077741830735441719e-01,8.475182621474897093e-01
1.054000000000000057e+02,-3.559609215788484687e-02,8.876147764571553633e-01
1.056000000000000085e+02,1.526047777704261366e-01,1.007551088516080551e+00
1.058000000000000114e+02,3.723127469825495695e-01,1.199997982465467850e+00
1.060000000000000000e+02,6.356998589479343487e-01,1.436668453893721331e+00
1.062000000000000028e+02,9.456537633428659939e-01,1.648429820007711655e+00
1.064000000000000057e+02,1.285019243521789312e+00,1.703377152234980318e+00
1.066000000000000085e+02,1.604936403833810310e+00,1.429027131627961689e+00
1.068000000000000114e+02,1.828306132963864572e+00,7.442638744038126974e-01
1.070000000000000000e+02,1.885359510301568120e+00,-1.853964765869446918e-01
1.072000000000000028e+02,1.760752595301490642e+00,-1.014296213312301020e+00
1.074000000000000057e+02,1.502157748654275204e+00,-1.503989540134464509e+00
1.076000000000000085e+02,1.180897279840662062e+00,-1.660619094305139098e+00
1.078000000000000114e+02,8.506567839604952663e-01,-1.621109969231404824e+00
1.080000000000000000e+02,5.363572514785343026e-01,-1.520686840469119394e+00
1.082000000000000028e+02,2.405419740723260813e-01,-1.446763589882634538e+00
1.084000000000000057e+02,-4.699549012041211171e-02,-1.441846968429500331e+00
1.086000000000000085e+02,-3.413763091702298746e-01,-1.513688723111936030e+00
1.088000000000000114e+02,-6.558283464578602562e-01,-1.634037933274294030e+00
1.090000000000000000e+02,-9.932755664100160198e-01,-1.724929269554396738e+00
1.092000000000000028e+02,-1.334917499941063568e+00,-1.649865823560119571e+00
1.094000000000000057e+02,-1.631663651614790433e+00,-1.259361201830792254e+00
1.096000000000000085e+02,-1.815150929391098567e+00,-5.321565296752230889e-01
1.098000000000000114e+02,-1.834740513210524337e+00,3.309789117588819995e-01
1.100000000000000000e+02,-1.694035606137454630e+00,1.024246226367201640e+00
1.102000000000000028e+02,-1.447285228318186068e+00,1.379998912260554045e+00
1.104000000000000057e+02,-1.161698553206093498e+00,1.433315693361859600e+00
1.106000000000000085e+02,-8.857470062527393884e-01,1.307119820063513238e+00
1.108000000000000114e+02,-6.433290673622689138e-01,1.113799374342664184e+00
1.110000000000000000e+02,-4.398831916170548584e-01,9.263515639804401625e-01
1.112000000000000028e+02,-2.697470625091650254e-01,7.852816529707096205e-01
1.114000000000000057e+02,-1.213112535831767369e-01,7.115259402633913322e-01
1.116000000000000085e+02,2.001398103573238940e-02,7.150803704408047468e-01
1.118000000000000114e+02,1.700608222755692345e-01,7.985892274297037297e-01
1.120000000000000000e+02,3.444611621815258928e-01,9.568918090578293345e-01
1.122000000000000028e+02,5.567028484365023067e-01,1.171723789927554993e+00
1.124000000000000057e+02,8.141802468855673380e-01,1.398615012229479371e+00
1.126000000000000085e+02,1.111398312567360103e+00,1.549081756291730727e+00
1.128000000000000114e+02,1.419726855877984972e+00,1.484837930758212465e+00
1.130000000000000000e+02,1.681834909206172624e+00,1.075860148843757358e+00
1.132000000000000028e+02,1.827188422548062130e+00,3.390794062417442079e-01
1.134000000000000057e+02,1.810297753742786231e+00,-4.972313700835575001e-01
1.136000000000000085e+02,1.640805713259008591e+00,-1.145317111974100133e+00
1.138000000000000114e+02,1.372779150166190565e+00,-1.478212740309231332e+00
1.140000000000000000e+02,1.066091870011729670e+00,-1.554596000042524295e+00
1.142000000000000028e+02,7.594393333245995636e-01,-1.500471887931856818e+00
1.144000000000000057e+02,4.673825969167453853e-01,-1.423355215925102835e+00
1.146000000000000085e+02,1.871675404655805119e-01,-1.389716073134477314e+00
1.148000000000000114e+02,-9.350956650774594481e-02,-1.430589204968351957e+00
1.150000000000000000e+02,-3.901278702781499907e-01,-1.546428772388591000e+00
1.152000000000000028e+02,-7.147330596952490289e-01,-1.699830252778239181e+00
1.154000000000000057e+02,-1.066541309568928231e+00,-1.796267633195980373e+00
1.156000000000000085e+02,-1.419003871875114786e+00,-1.677282030155496928e+00
1.158000000000000114e+02,-1.712007182000656602e+00,-1.188111192661031934e+00
1.160000000000000000e+02,-1.869755051403348967e+00,-3.506941381753441167e-01
1.162000000000000028e+02,-1.846576867063145944e+00,5.634408912538684255e-01
1.164000000000000057e+02,-1.661069278219203804e+00,1.228357210585315551e+00
1.166000000000000085e+02,-1.379653628812915533e+00,1.518906146513938182e+00
1.168000000000000114e+02,-1.072096410788778043e+00,1.518979253141335306e+00
1.170000000000000000e+02,-7.818516399565017538e-01,1.369386414048003875e+00
1.172000000000000028e+02,-5.268736369541280329e-01,1.180979068611036187e+00
1.174000000000000057e+02,-3.076639076716537469e-01,1.019479025805241301e+00
1.176000000000000085e+02,-1.150663221696828775e-01,9.183744769161014121e-01
1.178000000000000114e+02,6.471506445029133470e-02,8.926211106796272388e-01
1.180000000000000000e+02,2.472321737477894410e-01,9.454041371580506059e-01
1.182000000000000028e+02,4.475959128527884356e-01,1.068433673848803389e+00
1.184000000000000057e+02,6.776711043393000011e-01,1.235662814216162753e+00
1.186000000000000085e+02,9.412818994885163715e-01,1.390957459826702269e+00
1.188000000000000114e+02,1.227017859842671088e+00,1.436885714917045309e+00
1.190000000000000000e+02,1.500423548561360398e+00,1.249475487860210343e+00
1.192000000000000028e+02,1.705712020866802625e+00,7.582279430301397394e-01
1.194000000000000057e+02,1.788329898862650591e+00,5.003288450607740190e-02
1.196000000000000085e+02,1.726141912240402254e+00,-6.478316593817757818e-01
1.198000000000000114e+02,1.543637264430328448e+00,-1.127165198475748920e+00
1.200000000000000000e+02,1.293083755997161743e+00,-1.333232476148890511e+00
1.202000000000000028e+02,1.023420284354350285e+00,-1.338014531086328951e+00
1.204000000000000057e+02,7.642217710735226266e-01,-1.245960241642211308e+00
1.206000000000000085e+02,5.258950821518110219e-01,-1.140709223869584177e+00
1.208000000000000114e+02,3.053222042625866051e-01,-1.074915772971046568e+00
1.210000000000000000e+02,9.141790601537663763e-02,-1.076929748608710824e+00
1.212000000000000028e+02,-1.307496628702950470e-01,-1.158171923236775092e+00
1.214000000000000057e+02,-3.768596562797877914e-01,-1.313687246508478790e+00
1.216000000000000085e+02,-6.593098398372597702e-01,-1.513268864716969198e+00
1.218000000000000114e+02,-9.804218002448668035e-01,-1.681958102041859027e+00
1.220000000000000000e+02,-1.321212280271135464e+00,-1.682549030142827196e+00
1.222000000000000028e+02,-1.630913422197186824e+00,-1.349586667587924449e+00
1.224000000000000057e+02,-1.834348563201764204e+00,-6.313575026860305250e-01
1.226000000000000085e+02,-1.869711654138393575e+00,2.805739132711154715e-01
1.228000000000000114e+02,-1.731488358687268025e+00,1.050840862142548016e+00
1.230000000000000000e+02,-1.471958248957955684e+00,1.475580247557825242e+00
1.232000000000000028e+02,-1.161699134460107974e+00,1.581930257742352186e+00
1.234000000000000057e+02,-8.511733135707260089e-01,1.504539815915945766e+00
1.236000000000000085e+02,-5.637270416150828023e-01,1.368632292423476393e+00
1.238000000000000114e+02,-3.022585381593816956e-01,1.254433939414408616e+00
1.240000000000000000e+02,-5.775222235134522264e-02,1.203107844887981726e+00
1.242000000000000028e+02,1.842085826358167699e-01,1.229728486115625241e+00
1.244000000000000057e+02,4.389465923937356240e-01,1.327817769527328107e+00
1.246000000000000085e+02,7.180021584167086690e-01,1.463976914843421628e+00
1.248000000000000114e+02,1.022355449984091225e+00,1.563802484466012555e+00
1.250000000000000000e+02,1.333176769985814358e+00,1.505659753604059903e+00
1.252000000000000028e+02,1.605167175050433936e+00,1.161810340552484444e+00
1.254000000000000057e+02,1.776674081481706580e+00,5.138103693675326600e-01
1.256000000000000085e+02,1.801073885235292549e+00,-2.680386439475657689e-01
1.258000000000000114e+02,1.678182221939763297e+00,-9.179798618979019276e-01
1.260000000000000000e+02,1.453137698603964356e+00,-1.276125607599660983e+00
1.262000000000000028e+02,1.185604095588054019e+00,-1.358845810699423451e+00
1.264000000000000057e+02,9.207332625636489576e-01,-1.270675696057398607e+00
1.266000000000000085e+02,6.817381713809231858e-01,-1.115626136788293810e+00
1.268000000000000114e+02,4.741888624627478288e-01,-9.653578119902551657e-01
1.270000000000000000e+02,2.925339472388918116e-01,-8.615054398393685586e-01
1.272000000000000028e+02,1.250435640248203084e-01,-8.260662095591929655e-01
1.274000000000000057e+02,-4.311873928247060561e-02,-8.690469911360870769e-01
1.276000000000000085e+02,-2.278658641988727807e-01,-9.912212907600954637e-01
1.278000000000000114e+02,-4.441981113936219749e-01,-1.181502676917766781e+00
1.280000000000000000e+02,-7.029498344972200385e-01,-1.406499329909000728e+00
1.282000000000000171e+02,-1.004452986578785234e+00,-1.591464459357740946e+00
1.284000000000000057e+02,-1.328407190086325018e+00,-1.604562458917931700e+00
1.285999999999999943e+02,-1.624169553468010729e+00,-1.290096881820071983e+00
1.288000000000000114e+02,-1.818683023403643739e+00,-6.034743498641758075e-01
1.290000000000000000e+02,-1.852028705975325318e+00,2.736941869679374029e-01
1.292000000000000171e+02,-1.717530489140706607e+00,1.024842074596374442e+00
1.294000000000000057e+02,-1.463375063995980607e+00,1.453777880977332293e+00
1.295999999999999943e+02,-1.155527079101232868e+00,1.581411682897351900e+00
1.298000000000000114e+02,-8.421102111038686333e-01,1.534913384580343765e+00
1.300000000000000000e+02,-5.449413680252345182e-01,1.436469280972777929e+00
1.302000000000000171e+02,-2.656532196389816414e-01,1.365674409233368136e+00
1.304000000000000057e+02,5.880848588663653564e-03,1.362834639005820359e+00
1.305999999999999943e+02,2.847419700566149459e-01,1.438258158603456183e+00
1.308000000000000114e+02,5.851600740227700381e-01,1.571545727739986020e+00
1.310000000000000000e+02,9.131069464665461100e-01,1.697980871725141228e+00
1.312000000000000171e+02,1.255851782508170311e+00,1.693890620256353730e+00
1.314000000000000057e+02,1.571199382480441775e+00,1.401217395538414623e+00
1.315999999999999943e+02,1.791061080188310672e+00,7.460395484567204916e-01
1.318000000000000114e+02,1.854378347382121817e+00,-1.224760324303944964e-01
1.320000000000000000e+02,1.748321749956482707e+00,-8.950611424656989001e-01
1.322000000000000171e+02,1.517558700174489905e+00,-1.348160497572207905e+00
1.324000000000000057e+02,1.230506649290953325e+00,-1.473534369651210429e+00
1.325999999999999943e+02,9.419371625597210418e-01,-1.387783927374501847e+00
1.328000000000000114e+02,6.811825673767106792e-01,-1.213655880750968308e+00
1.330000000000000000e+02,4.567531329328999301e-01,-1.035213160442761682e+00
1.332000000000000171e+02,2.642493749826382854e-01,-8.998426104282838400e-01
1.334000000000000057e+02,9.235594455109764900e-02,-8.316029016576927946e-01
1.335999999999999943e+02,-7.357816766873405412e-02,-8.411232335821274830e-01
1.338000000000000114e+02,-2.493659084358328393e-01,-9.295470497087927608e-01
1.340000000000000000e+02,-4.500470970992732633e-01,-1.087093795093490689e+00
1.342000000000000171e+02,-6.870744826342303213e-01,-1.285142908130489037e+00
1.344000000000000057e+02,-9.629119652803560525e-01,-1.461002864416208524e+00
1.345999999999999943e+02,-1.262983468539916831e+00,-1.504897026509678382e+00
1.348000000000000114e+02,-1.546814430322605904e+00,-1.279332940437695409e+00
1.350000000000000000e+02,-1.751565848023685090e+00,-7.184833398226126988e-01
1.352000000000000171e+02,-1.818777527732423849e+00,6.061939898934572135e-02
1.354000000000000057e+02,-1.730219225180189335e+00,7.926486862170308845e-01
1.355999999999999943e+02,-1.518938143665094165e+00,1.264816544718691205e+00
1.358000000000000114e+02,-1.243168634093509528e+00,1.447086994698461471e+00
1.360000000000000000e+02,-9.526683210415256564e-01,1.434782568218267551e+00
1.362000000000000171e+02,-6.744479234261306910e-01,1.342313450455496993e+00
1.364000000000000057e+02,-4.154144416581695975e-01,1.253980416710006374e+00
1.365999999999999943e+02,-1.692857303283494264e-01,1.219000108797531956e+00
1.368000000000000114e+02,7.726107421402217401e-02,1.259930959769128389e+00
1.370000000000000000e+02,3.398724600432103671e-01,1.377765456769671326e+00
1.372000000000000171e+02,6.318476430499863072e-01,1.545788740645960502e+00
1.374000000000000057e+02,9.570062143461656179e-01,1.692573918625321694e+00
1.375999999999999943e+02,1.298875079615349648e+00,1.686027235715882533e+00
1.378000000000000114e+02,1.610111078619434810e+00,1.364226691966486271e+00
1.380000000000000000e+02,1.818449913167747622e+00,6.677480597288710795e-01
1.382000000000000171e+02,1.863142691740847345e+00,-2.255990063488061692e-01
1.384000000000000057e+02,1.736655767749162527e+00,-9.915197354649006867e-01
1.385999999999999943e+02,1.488880354099864745e+00,-1.420704657513107483e+00
1.388000000000000114e+02,1.189362833267123332e+00,-1.527912599767468960e+00
1.390000000000000000e+02,8.903902346104488608e-01,-1.440542835775859842e+00
1.392000000000000171e+02,6.177782311880237742e-01,-1.282283651854701390e+00
1.394000000000000057e+02,3.767857849956626204e-01,-1.134297597488304055e+00
1.395999999999999943e+02,1.604562591056047371e-01,-1.040433454184300555e+00
1.398000000000000114e+02,-4.433867024443987476e-02,-1.020757693389646947e+00
1.400000000000000000e+02,-2.531027938489753271e-01,-1.079695265373145752e+00
1.402000000000000171e+02,-4.808011353253646147e-01,-1.206511274054517413e+00
1.404000000000000057e+02,-7.380945050156936249e-01,-1.367098818660611670e+00
1.405999999999999943e+02,-1.025413164115320797e+00,-1.490295509656876849e+00
1.408000000000000114e+02,-1.324232019094660595e+00,-1.460516723940335160e+00
1.410000000000000000e+02,-1.590786524379981692e+00,-1.153073243801516101e+00
1.412000000000000171e+02,-1.764218979840217472e+00,-5.409370242925106709e-01
1.414000000000000057e+02,-1.796453826715919577e+00,2.210508555656302832e-01
1.415999999999999943e+02,-1.682854146651170169e+00,8.759787989220848559e-01
1.418000000000000114e+02,-1.464140887129542934e+00,1.256966545750453079e+00
1.420000000000000000e+02,-1.197574173490552507e+00,1.368572408031787591e+00
1.422000000000000171e+02,-9.277974974243601292e-01,1.309787007388435454e+00
1.424000000000000057e+02,-6.780050668407547887e-01,1.184433027176023501e+00
1.425999999999999943e+02,-4.535510976642330716e-01,1.065948206237225637e+00
1.428000000000000114e+02,-2.483130943088554810e-01,9.973865588356405354e-01
1.430000000000000000e+02,-4.981046999331126268e-02,1.000759145015653884e+00
1.432000000000000171e+02,1.573234819432201281e-01,1.083876501717053964e+00
1.434000000000000057e+02,3.886843264568882184e-01,1.240383814630996229e+00
1.435999999999999943e+02,6.565789565483584056e-01,1.441260747563375633e+00
1.438000000000000114e+02,9.637524933463942345e-01,1.616849781059538360e+00
1.440000000000000000e+02,1.293427150182399066e+00,1.640074652709946568e+00
1.442000000000000171e+02,1.598795687669613441e+00,1.352037787737389030e+00
1.444000000000000057e+02,1.808131868215238969e+00,6.885394570349475662e-01
1.445999999999999943e+02,1.859070984461672627e+00,-1.875228201151099561e-01
1.448000000000000114e+02,1.739900346370235606e+00,-9.603595478465795088e-01
1.450000000000000000e+02,1.496132730345066664e+00,-1.413699888843853447e+00
1.452000000000000171e+02,1.194977747584017980e+00,-1.551372123106003142e+00
1.454000000000000057e+02,8.880782233166925055e-01,-1.496529157617348504e+00
1.455999999999999943e+02,6.007696884093650658e-01,-1.373865478855603284e+00
1.458000000000000114e+02,3.374654636092531690e-01,-1.266757574339422820e+00
1.460000000000000000e+02,9.004144823065260428e-02,-1.219820617587191069e+00
1.462000000000000171e+02,-1.556642936792322074e-01,-1.250551407486109712e+00
1.464000000000000057e+02,-4.151138433963694752e-01,-1.354434980981454872e+00
1.465999999999999943e+02,-7.002716416928349563e-01,-1.498875755250236974e+00
1.468000000000000114e+02,-1.012550208243697014e+00,-1.608521863229378734e+00
1.470000000000000000e+02,-1.333080106201255166e+00,-1.556893494728350369e+00
1.472000000000000171e+02,-1.614990018326146082e+00,-1.206742303706805686e+00
1.474000000000000057e+02,-1.793224017180963470e+00,-5.337564456538517188e-01
1.475999999999999943e+02,-1.818224104011316067e+00,2.820833259150357097e-01
1.478000000000000114e+02,-1.689680752582557455e+00,9.578747650379152434e-01
1.480000000000000000e+02,-1.455414239918255470e+00,1.325792920344104120e+00
1.482000000000000171e+02,-1.177988537285066917e+00,1.406988382105907709e+00
1.484000000000000057e+02,-9.039938132204450305e-01,1.313690093271873360e+00
1.485999999999999943e+02,-6.568300485121111310e-01,1.154688072599660664e+00
1.488000000000000114e+02,-4.416297961956798801e-01,1.003267464180241930e+00
1.490000000000000000e+02,-2.522708505464043016e-01,9.010169505410735580e-01
1.492000000000000171e+02,-7.653944888042429895e-02,8.691872810585492548e-01
1.494000000000000057e+02,1.006862573113111448e-01,9.165209664158365799e-01
1.495999999999999943e+02,2.952650997471792382e-01,1.041490538916442610e+00
1.498000000000000114e+02,5.214862617228016584e-01,1.228414737278062718e+00
1.500000000000000000e+02,7.881648247209068758e-01,1.435343295576502642e+00
1.502000000000000171e+02,1.091527048034891534e+00,1.575622945454993484e+00
1.504000000000000057e+02,1.405016398073423378e+00,1.511449969840907404e+00
1.505999999999999943e+02,1.673085298532860365e+00,1.109429032975310259e+00
1.508000000000000114e+02,1.825864477054200075e+00,3.788873826787518828e-01
1.510000000000000000e+02,1.816937250844825602e+00,-4.586153786116836661e-01
1.512000000000000171e+02,1.654609504369882966e+00,-1.112488351151041943e+00
1.514000000000000057e+02,1.392821971676431625e+00,-1.447404494146331766e+00
1.515999999999999943e+02,1.092872438369737909e+00,-1.516382294090304894e+00
1.518000000000000114e+02,7.955151723916396023e-01,-1.444041466559132791e+00
1.520000000000000000e+02,5.174302084718088723e-01,-1.338543734294840304e+00
1.522000000000000171e+02,2.577644522969859686e-01,-1.267968588583206380e+00
1.524000000000000057e+02,5.613938292681738829e-03,-1.266668127265509369e+00
1.525999999999999943e+02,-2.541965087093568387e-01,-1.344188854982569348e+00
1.528000000000000114e+02,-5.363487213967831346e-01,-1.484697507365079883e+00
1.530000000000000000e+02,-8.489007063563599464e-01,-1.634520018145703579e+00
1.532000000000000171e+02,-1.183805120700397229e+00,-1.684593645686841112e+00
1.534000000000000057e+02,-1.505736060401303034e+00,-1.479929778352938596e+00
1.536000000000000227e+02,-1.751066444747589212e+00,-9.157300883536255709e-01
1.538000000000000114e+02,-1.852972982124725609e+00,-8.158331098334895004e-02
1.540000000000000000e+02,-1.784569553527291186e+00,7.346088121506096913e-01
1.542000000000000171e+02,-1.577676257169589702e+00,1.270874062946131478e+00
1.544000000000000057e+02,-1.298196372333426662e+00,1.470795380487050386e+00
1.546000000000000227e+02,-1.004985233409925627e+00,1.432482202811680372e+00
1.548000000000000114e+02,-7.325140805502099450e-01,1.283198638190521379e+00
1.550000000000000000e+02,-4.928256550565133232e-01,1.116832495191554031e+00
1.552000000000000171e+02,-2.832816669318710678e-01,9.882365242527019200e-01
1.554000000000000057e+02,-9.316368704052907512e-02,9.253851929752766603e-01
1.556000000000000227e+02,9.207173081292721606e-02,9.403337992474439799e-01
1.558000000000000114e+02,2.881986389860313746e-01,1.033378123587820996e+00
1.560000000000000000e+02,5.097857635153018041e-01,1.190890857478529741e+00
1.562000000000000171e+02,7.665121441669783264e-01,1.375293667802391928e+00
1.564000000000000057e+02,1.056831737136002314e+00,1.509582561477129659e+00
1.566000000000000227e+02,1.358958461774918858e+00,1.469936107179420359e+00
1.568000000000000114e+02,1.624358959026553473e+00,1.129081949502354298e+00
1.570000000000000000e+02,1.788702998496493279e+00,4.738920034122432456e-01
1.572000000000000171e+02,1.804290336324616995e+00,-3.159333285517681444e-01
1.574000000000000057e+02,1.671308555750316227e+00,-9.702475348538157629e-01
1.576000000000000227e+02,1.435329266128864134e+00,-1.333731060175945782e+00
1.578000000000000114e+02,1.155089122558630832e+00,-1.430123739530066329e+00
1.580000000000000000e+02,8.735274596000047742e-01,-1.368682747095385510e+00
1.582000000000000171e+02,6.110139167145990369e-01,-1.255195825720932801e+00
1.584000000000000057e+02,3.701450225067226540e-01,-1.161169865269110701e+00
1.586000000000000227e+02,1.425831692171441178e-01,-1.126564716378755104e+00
1.588000000000000114e+02,-8.564311628028854761e-02,-1.169188217984084455e+00
1.590000000000000000e+02,-3.302656546964773954e-01,-1.288833451489784343e+00
1.592000000000000171e+02,-6.048699685864986630e-01,-1.462040018153158094e+00
1.594000000000000057e+02,-9.146815221240112148e-01,-1.625953045480095005e+00
1.596000000000000227e+02,-1.246932963222494806e+00,-1.661332262875010901e+00
1.598000000000000114e+02,-1.559942853439653110e+00,-1.410028856074478920e+00
1.600000000000000000e+02,-1.784956202819704796e+00,-7.874478395343913473e-01
1.602000000000000171e+02,-1.858010488115848791e+00,7.147222851019013889e-02
1.604000000000000057e+02,-1.760674719549111700e+00,8.628926282566600214e-01
1.606000000000000227e+02,-1.533068255769375998e+00,1.349902752654287497e+00
1.608000000000000114e+02,-1.242080952753512824e+00,1.510499650458866139e+00
1.610000000000000000e+02,-9.427422682566203305e-01,1.458258573041684381e+00
1.612000000000000171e+02,-6.644445070750678584e-01,1.319064384727280048e+00
1.614000000000000057e+02,-4.150162487681280932e-01,1.180753372765604770e+00
1.616000000000000227e+02,-1.888012153072446409e-01,1.092545059124949258e+00
1.618000000000000114e+02,2.688340827051726584e-02,1.077514948957669194e+00
1.620000000000000000e+02,2.474863191459729106e-01,1.141334834175568025e+00
1.622000000000000171e+02,4.879863870621771182e-01,1.272476158993222972e+00
1.624000000000000057e+02,7.585885651456244494e-01,1.433107688701146465e+00
1.626000000000000227e+02,1.058202548417551236e+00,1.544467625495171026e+00
1.628000000000000114e+02,1.364917528690464454e+00,1.481247687478223440e+00
1.630000000000000000e+02,1.630193696469914189e+00,1.117510387055030474e+00
1.632000000000000171e+02,1.790593240508809858e+00,4.484682638771386731e-01
1.634000000000000057e+02,1.801025348118785674e+00,-3.394453981165976852e-01
1.636000000000000227e+02,1.664695442165085693e+00,-9.778970219732618929e-01
1.638000000000000114e+02,1.429196688373069568e+00,-1.319758688623234422e+00
1.640000000000000000e+02,1.153991371817268963e+00,-1.394342815879285880e+00
1.642000000000000171e+02,8.817866569015311295e-01,-1.311152188023469112e+00
1.644000000000000057e+02,6.331361170916184333e-01,-1.173654568285994015e+00
1.646000000000000227e+02,4.113302776334073485e-01,-1.051418354603956162e+00
1.648000000000000114e+02,2.089500900190377763e-01,-9.837646089416423045e-01
1.650000000000000000e+02,1.288621685249340121e-02,-9.901347925129391214e-01
1.652000000000000171e+02,-1.924405488430603328e-01,-1.076261935194055663e+00
1.654000000000000057e+02,-4.224429499525269582e-01,-1.233736945936184881e+00
1.656000000000000227e+02,-6.887184166846670452e-01,-1.430746980897285692e+00
1.658000000000000114e+02,-9.928380345133372975e-01,-1.594668873173881840e+00
1.660000000000000000e+02,-1.316151466793725300e+00,-1.597447253754978647e+00
1.662000000000000171e+02,-1.610755793881370135e+00,-1.288186692779631493e+00
1.664000000000000057e+02,-1.806544328651777276e+00,-6.196415740986438436e-01
1.666000000000000227e+02,-1.845297954172518518e+00,2.369010599196612610e-01
1.668000000000000114e+02,-1.719577566788545342e+00,9.753812473201388666e-01
1.670000000000000000e+02,-1.475932204133034054e+00,1.399169821596762731e+00
1.672000000000000171e+02,-1.179565834476289821e+00,1.520954920687741518e+00
1.674000000000000057e+02,-8.793735638904794927e-01,1.461370586228539548e+00
1.676000000000000227e+02,-5.990432895612458619e-01,1.339670135607624601e+00
1.678000000000000114e+02,-3.422984565007205493e-01,1.235436207509667428e+00
1.680000000000000000e+02,-1.008377614479547268e-01,1.191598004770910268e+00
1.682000000000000171e+02,1.395228825844444520e-01,1.225369298196188783e+00
1.684000000000000057e+02,3.943345910742772631e-01,1.333495607612462663e+00
1.686000000000000227e+02,6.759961965264820183e-01,1.485800160210756671e+00
1.688000000000000114e+02,9.870685221027286627e-01,1.610441569730454159e+00
1.690000000000000000e+02,1.310241805823179284e+00,1.582680267022491982e+00
1.692000000000000171e+02,1.600136141424990166e+00,1.259718511594133394e+00
1.694000000000000057e+02,1.790795493399397253e+00,6.013348533472105961e-01
1.696000000000000227e+02,1.828680161984566732e+00,-2.253900915035042252e-01
1.698000000000000114e+02,1.708652894225014762e+00,-9.310855299206690638e-01
1.700000000000000000e+02,1.476547906326040716e+00,-1.329975036789388332e+00
1.702000000000000171e+02,1.195987439861969426e+00,-1.432197209208200706e+00
1.704000000000000057e+02,9.156814985651402505e-01,-1.350171027181072514e+00
1.706000000000000227e+02,6.605832257123405160e-01,-1.196837418293445365e+00
1.708000000000000114e+02,4.365672574670956818e-01,-1.049105295662273507e+00
1.710000000000000000e+02,2.376806618444540498e-01,-9.505552823396216100e-01
1.712000000000000171e+02,5.161717229878629021e-02,-9.230610077263782243e-01
1.714000000000000057e+02,-1.368447799279172150e-01,-9.749290846219644813e-01
1.716000000000000227e+02,-3.434456970386209340e-01,-1.102742097376246733e+00
1.718000000000000114e+02,-5.817600822718199671e-01,-1.286349214368891936e+00
1.720000000000000000e+02,-8.585582660798605215e-01,-1.475174908090483905e+00
1.722000000000000171e+02,-1.165984296227117634e+00,-1.571094762320759619e+00
1.724000000000000057e+02,-1.471449921677346451e+00,-1.432005428019922366e+00
1.726000000000000227e+02,-1.715268307682392912e+00,-9.492531355784841196e-01
1.728000000000000114e+02,-1.831106038105659639e+00,-1.808483990486035586e-01
1.730000000000000000e+02,-1.785018421023258028e+00,6.208034606628551888e-01
1.732000000000000171e+02,-1.598009095787279676e+00,1.192602047235405305e+00
1.734000000000000057e+02,-1.328439377016295664e+00,1.450072605225926292e+00
1.736000000000000227e+02,-1.033417519191104805e+00,1.470349339292784663e+00
1.738000000000000114e+02,-7.478505593124111783e-01,1.375822379646192584e+00
1.740000000000000000e+02,-4.842311843655611181e-01,1.263852695680303118e+00
1.742000000000000171e+02,-2.395387530042809021e-01,1.193530974902807351e+00
1.744000000000000057e+02,-2.083385511699731296e-03,1.194198247171170069e+00
1.746000000000000227e+02,2.434490816978018002e-01,1.273951358935881739e+00
1.748000000000000114e+02,5.119221673548755014e-01,1.418805876033818247e+00
1.750000000000000000e+02,8.123312783984696361e-01,1.581105190512519076e+00
1.752000000000000171e+02,1.139210024862098214e+00,1.661462547928470590e+00
1.754000000000000057e+02,1.461608323092441264e+00,1.510976393843833865e+00
1.756000000000000227e+02,1.719513227184702675e+00,1.009500489378292176e+00
1.758000000000000114e+02,1.844532576704408511e+00,2.115580363133257313e-01
1.760000000000000000e+02,1.801504405397516662e+00,-6.191899512269177785e-01
1.762000000000000171e+02,1.613138609503377285e+00,-1.204367460950292568e+00
1.764000000000000057e+02,1.341639430702484370e+00,-1.454753655872917939e+00
1.766000000000000227e+02,1.047812508940190401e+00,-1.451596157176931134e+00
1.768000000000000114e+02,7.693283640908353815e-01,-1.322144076421849723e+00
1.770000000000000000e+02,5.207131412018446426e-01,-1.166099778208341986e+00
1.772000000000000171e+02,3.006748194156840803e-01,-1.043527802120996162e+00
1.774000000000000057e+02,9.901355053572746812e-02,-9.854733197445164627e-01
1.776000000000000227e+02,-9.871284250729117637e-02,-1.005193604711213551e+00
1.778000000000000114e+02,-3.082715273527097399e-01,-1.102537366548819842e+00
1.780000000000000000e+02,-5.439175564381341088e-01,-1.261110181724476087e+00
1.782000000000000171e+02,-8.140418109382715484e-01,-1.436789199318666554e+00
1.784000000000000057e+02,-1.114234757603445036e+00,-1.542179436624209643e+00
1.786000000000000227e+02,-1.417575285195035395e+00,-1.445224603999641033e+00
1.788000000000000114e+02,-1.670233209627494331e+00,-1.027366623816305502e+00
1.790000000000000000e+02,-1.807993813238957914e+00,-3.167977219349512596e-01
1.792000000000000171e+02,-1.791249704993274294e+00,4.719252677792070694e-01
1.794000000000000057e+02,-1.631585008126408720e+00,1.074212355731600566e+00
1.796000000000000227e+02,-1.381363088117102400e+00,1.373421531996593226e+00
1.798000000000000114e+02,-1.098478504897643981e+00,1.421567112215361250e+00
1.800000000000000000e+02,-8.216627433495946597e-01,1.333546933308889626e+00
1.802000000000000171e+02,-5.674534535534158097e-01,1.209408754568362498e+00
1.804000000000000057e+02,-3.360332125047605367e-01,1.113490824047265404e+00
1.806000000000000227e+02,-1.178585062477734424e-01,1.080633825618189103e+00
1.808000000000000114e+02,1.014399731913028235e-01,1.125855319103437502e+00
1.810000000000000000e+02,3.376176341505100487e-01,1.247663903865481982e+00
1.812000000000000171e+02,6.042123355948681995e-01,1.423077011159228800e+00
1.814000000000000057e+02,9.066044949582168222e-01,1.591426226918404518e+00
1.816000000000000227e+02,1.232941083216772427e+00,1.638111712442717138e+00
1.818000000000000114e+02,1.543339188791411409e+00,1.408690509657856582e+00
1.820000000000000000e+02,1.771127577798353503e+00,8.150506406530979575e-01
1.822000000000000171e+02,1.851913893632881836e+00,-2.440384552226201181e-02
1.824000000000000057e+02,1.764330790869708565e+00,-8.158103537520011717e-01
1.826000000000000227e+02,1.544842493364566582e+00,-1.317582195863988170e+00
1.828000000000000114e+02,1.258479244753059056e+00,-1.495789477297254200e+00
1.830000000000000000e+02,9.606072413693672596e-01,-1.457296618459585247e+00
1.832000000000000171e+02,6.815319459034291372e-01,-1.327089193006145473e+00
1.834000000000000057e+02,4.298828340204917664e-01,-1.194565152336261038e+00
1.836000000000000227e+02,2.004606344654885353e-01,-1.110652281232826999e+00
1.838000000000000114e+02,-1.924020854724345364e-02,-1.099583861254666894e+00
1.840000000000000000e+02,-2.446609980784221483e-01,-1.167472744529084006e+00
1.842000000000000171e+02,-4.907856320717440268e-01,-1.302420425083284039e+00
1.844000000000000057e+02,-7.676103588915978992e-01,-1.464791374532689483e+00
1.846000000000000227e+02,-1.073282309700187565e+00,-1.571934943361108949e+00
1.848000000000000114e+02,-1.384174527389046006e+00,-1.493464036199446898e+00
1.850000000000000000e+02,-1.649281154306177388e+00,-1.102495225681801250e+00
1.852000000000000171e+02,-1.803721864952875675e+00,-4.050709415368608513e-01
1.854000000000000057e+02,-1.803757176490914382e+00,3.963920934253691297e-01
1.856000000000000227e+02,-1.656393317072559324e+00,1.028156026956790647e+00
1.858000000000000114e+02,-1.412576345557261082e+00,1.353084644715389917e+00
1.860000000000000000e+02,-1.132419948569742374e+00,1.411674176557900617e+00
1.862000000000000171e+02,-8.578865205066060762e-01,1.318248408820418049e+00
1.864000000000000057e+02,-6.083378260021482520e-01,1.176419194209571195e+00
1.866000000000000227e+02,-3.860444427272502477e-01,1.054072060862669691e+00
1.868000000000000114e+02,-1.829191790555023678e-01,9.888310511368603173e-01
1.870000000000000000e+02,1.450644885583064758e-02,9.987703576787190229e-01
1.872000000000000171e+02,2.219128106951007151e-01,1.088226246865518609e+00
1.874000000000000057e+02,4.544846431735253267e-01,1.246802360172268642e+00
1.876000000000000227e+02,7.230516181595473268e-01,1.439287437597466246e+00
1.878000000000000114e+02,1.027611235064034956e+00,1.588426554483728825e+00
1.880000000000000000e+02,1.347075812231679048e+00,1.563345426680728956e+00
1.882000000000000171e+02,1.631361966474006664e+00,1.219947125152053502e+00
1.884000000000000057e+02,1.811110739377632672e+00,5.319336374819789715e-01
1.886000000000000227e+02,1.833013117243817325e+00,-3.122529330499672073e-01
1.888000000000000114e+02,1.695623012280484732e+00,-1.014066477011321021e+00
1.890000000000000000e+02,1.447868465869290633e+00,-1.399721569650272279e+00
1.892000000000000171e+02,1.154048230835779787e+00,-1.497371235240769760e+00
1.894000000000000057e+02,8.598409980388290741e-01,-1.427464013233809226e+00
1.896000000000000227e+02,5.866098498746309398e-01,-1.303792879506540547e+00
1.898000000000000114e+02,3.369166739169425218e-01,-1.201265137887108425e+00
1.900000000000000000e+02,1.020100651041049578e-01,-1.160108055927761894e+00
1.902000000000000171e+02,-1.323429396169309713e-01,-1.196870018752372866e+00
1.904000000000000057e+02,-3.817596296637936204e-01,-1.308437938290162750e+00
1.906000000000000227e+02,-6.589936764847715844e-01,-1.466818603911921981e+00
1.908000000000000114e+02,-9.672333108071973218e-01,-1.602891730340769039e+00
1.910000000000000000e+02,-1.290753294888432379e+00,-1.594878236661022131e+00
1.912000000000000171e+02,-1.585548181886770935e+00,-1.296524725496343677e+00
1.914000000000000057e+02,-1.785460828886627382e+00,-6.552274450240599402e-01
1.916000000000000227e+02,-1.834216041875333492e+00,1.738986954843771415e-01
1.918000000000000114e+02,-1.722619894100497984e+00,9.004014563564676221e-01
1.920000000000000000e+02,-1.494089202971639718e+00,1.324656260926790896e+00
1.922000000000000171e+02,-1.212506912970191308e+00,1.446004160504199776e+00
1.924000000000000057e+02,-9.281841980360168165e-01,1.375315703751214924e+00
1.926000000000000227e+02,-6.673709263150340298e-01,1.228270741479457362e+00
1.928000000000000114e+02,-4.366337017118103736e-01,1.084718384906892208e+00
1.930000000000000000e+02,-2.302385497105806089e-01,9.900385994136959855e-01
1.932000000000000171e+02,-3.585976841523331321e-02,9.667959189965591449e-01
1.934000000000000057e+02,1.617877948050522874e-01,1.022965605854829096e+00
1.936000000000000227e+02,3.783288013196174915e-01,1.153535258709128097e+00
1.938000000000000114e+02,6.266618527416668583e-01,1.334327095548133224e+00
1.940000000000000000e+02,9.118053485443485817e-01,1.507494711457788572e+00
1.942000000000000171e+02,1.222332072780185186e+00,1.565635461585253019e+00
1.944000000000000057e+02,1.520824672970728431e+00,1.365381015197173031e+00
1.946000000000000227e+02,1.744861096023871072e+00,8.210039330944570724e-01
1.948000000000000114e+02,1.831797452595463449e+00,2.929826720362649350e-02
1.950000000000000000e+02,1.757810468196532749e+00,-7.397329710074643794e-01
1.952000000000000171e+02,1.553031909053861792e+00,-1.249071253459391073e+00
1.954000000000000057e+02,1.278161106017073667e+00,-1.450866350764036472e+00
1.956000000000000227e+02,9.867731557767630557e-01,-1.437221740142584192e+00
1.958000000000000114e+02,7.095788471200797920e-01,-1.327734309861871020e+00
1.960000000000000000e+02,4.560824904824890003e-01,-1.211942377062449117e+00
1.962000000000000171e+02,2.217094696971909085e-01,-1.142703169104019256e+00
1.964000000000000057e+02,-5.821227078497526186e-03,-1.145836632392480681e+00
1.966000000000000227e+02,-2.419370942429488747e-01,-1.228149748191335933e+00
1.968000000000000114e+02,-5.015535530725570013e-01,-1.376312553708264108e+00
1.970000000000000000e+02,-7.940633139732876655e-01,-1.545656700996887789e+00
1.972000000000000171e+02,-1.115269488494518901e+00,-1.642155323008265499e+00
1.974000000000000057e+02,-1.436554244724925544e+00,-1.521146267365867777e+00
1.976000000000000227e+02,-1.700117927235665682e+00,-1.055950249093203119e+00
1.978000000000000114e+02,-1.837296615000604039e+00,-2.828113573021884819e-01
1.980000000000000000e+02,-1.808678590724027480e+00,5.511724469325256504e-01
1.982000000000000171e+02,-1.631642735177058601e+00,1.161800892133108887e+00
1.984000000000000057e+02,-1.365614397381366363e+00,1.441302775048964424e+00
1.986000000000000227e+02,-1.072128351542330771e+00,1.459881375977047480e+00
1.988000000000000114e+02,-7.905522037527628054e-01,1.343557994503769892e+00
1.990000000000000000e+02,-5.368380821137199721e-01,1.195045900123148375e+00
1.992000000000000171e+02,-3.104901194494313343e-01,1.077447076154274930e+00
1.994000000000000057e+02,-1.016132965117878539e-01,1.023689998133711088e+00
1.996000000000000227e+02,1.041876897071716268e-01,1.047746825601435061e+00
1.998000000000000114e+02,3.226622790946162000e-01,1.148970110688479096e+00
2.000000000000000000e+02,5.677449765011622906e-01,1.308686092555557900e+00
